Invoice No,Flight Number,Aircraft ID,Origin Code,Dest. Code,Distance Km,MTOW_Tonnes,Calc_Weight_Factor,Calculated_Charge,Vendor_Charge,Status
502012523021670,AIC921,VTCIII,VABB,DERK,760.0,,,,1381.97,Not Matched
502012523021670,AJC922,VTCfI,OERK,VABB,926.0,,,,1376.78,Not Matched
502012523021670,AIC925,VTCIQ,VIDP,OERK,389.0,79.0,1.26,578.37,830.37,Not Matched
502012523021670,AJC926,VTCIQ,DERK,VIDP,400.0,79.0,1.26,594.72,594.72,Matched
502012523021670,AICl42,VTTSP,OJAI,VIDP,1323.0,247.207,2.22,3465.73,3512.57,Not Matched
502012523021670,AIC931,VTEXK,VABB,OEJN,1514.0,79.0,1.26,2251.02,2503.02,Not Matched
502012523021670,AIC991,VTTQF,VIDP,OEJN,1675.0,77.0,1.24,2450.86,2742.39,Not Matched
502012523021670,AIC935,VTCII,VABB,OEDF,36.0,,,,305.52,Not Matched
502012523021670,AIC992,VTTQF,OEJN,VIDP,1675.0,77.0,1.24,2450.86,,Not Matched
502012523021670,AIC932,VTEXK,OEJN,VABB,1675.0,79.0,1.26,2490.39,,Not Matched
502012523021670,AIC936,VTCII-I,OEDF,VABB,58.0,,,,86.23,Not Matched
502012523021670,AJC921,VTCIN,VABB,OERK,760.0,79.0,1.26,1129.97,1381.97,Not Matched
502012523021670,AIC922,VTCIN,OERK,VABB,926.0,79.0,1.26,1376.78,1376.78,Matched
502012523021670,AIC991,VTCIP,VIDP,OEJN,1514.0,79.0,1.26,2251.02,2503.02,Not Matched
502012523021670,AIC992,VTCIP,OEJN,VIDP,1675.0,79.0,1.26,2490.39,2490.39,Matched
502012523021670,AIC931,VTEXK,VABB,OEJN,1514.0,79.0,1.26,2251.02,2503.02,Not Matched
502012523021670,AIC935,VTCIQ,VABB,OEDF,36.0,79.0,1.26,53.52,305.52,Not Matched
502012523021670,AIC932,VTEXK,OEJN,VABB,1675.0,79.0,1.26,2490.39,2490.39,Matched
502012523021670,AJC936,VTCIQ,OEDF,VABB,58.0,79.0,1.26,86.23,86.23,Matched
502012523021670,AIC921,VTEXO,VABB,OERK,760.0,79.0,1.26,1129.97,1381.97,Not Matched
502012523021670,AJC922,VTEXO,OERK,VABB,926.0,79.0,1.26,1376.78,1376.78,Matched
502012523021670,AIC925,VTEXU,VIDP,OERK,389.0,79.0,1.26,578.37,830.37,Not Matched
502012523021670,AIC937,VTEXK,VABB,OEJN,1514.0,79.0,1.26,2251.02,2503.02,Not Matched
502012523021670,AIC931,VTCIM,VABB,OEJN,1514.0,79.0,1.26,2251.02,2503.02,Not Matched
502012523021670,AIC991,VTEXL,VIDP,OEJN,1514.0,79.0,1.26,2251.02,2503.02,Not Matched
502012523021670,AIC935,VTEXO,VABB,OEDF,36.0,79.0,1.26,53.52,305.52,Not Matched
502012523021670,AIC938,VTEXK,OEJN,VABB,1675.0,79.0,1.26,2490.39,,Not Matched
502012523021670,AIC992,VTEXL,OEJN,VIDP,1675.0,79.0,1.26,2490.39,,Not Matched
502012523021670,AJC932,VTCIM,OEJN,VABB,1675.0,79.0,1.26,2490.39,2490.39,Matched
502012523021670,AIC936,VTEXO,OEDF,VABB,58.0,79.0,1.26,86.23,86.23,Matched
502012523021670,AIC921,VTEXJ,VABB,OERK,760.0,79.0,1.26,1129.97,1381.97,Not Matched
502012523021670,AIC922,VTEXI,OERK,VABB,926.0,79.0,1.26,1376.78,1376.78,Matched
502012523021670,AIC991,VTEXL,VIDP,OEJN,1514.0,79.0,1.26,2251.02,2503.02,Not Matched
502012523021670,AIC992,VTEXL,OEJN,VIDP,1675.0,79.0,1.26,2490.39,2490.39,Matched
502012523021670,AIC931,VTCII-I,VABB,OEJN,1514.0,,,,2503.02,Not Matched
502012523021670,AJC935,VTEXK,VABB,OEDF,36.0,79.0,1.26,53.52,305.52,Not Matched
502012523021670,AIC932,VTCIH,OEJN,VABB,1675.0,79.0,1.26,2490.39,2490.39,Matched
502012523021670,AJC936,VTEXK,OEDF,VABB,58.0,79.0,1.26,86.23,86.23,Matched
502012523021670,AIC555,VTCIO,VABB,OERK,760.0,79.0,1.26,1129.97,1381.97,Not Matched
502012523021670,AIC921,VTCIM,VABB,OERK,760.0,79.0,1.26,1129.97,1381.97,Not Matched
502012523021670,AIC922,VTCIM,OERK.,VABB,926.0,79.0,1.26,1376.78,1376.78,Matched
502012523021670,AIC926D,VTCIO,OERK,VIDP,400.0,79.0,1.26,594.72,594.72,Matched
502012523021670,AIC925,VTEXL,VIDP,OERK,389.0,79.0,1.26,578.37,830.37,Not Matched
502012523021670,AIC926,VTEXL,OERK,VIDP,400.0,79.0,1.26,594.72,594.72,Matched
502012523021670,AIC937,VTCII-I,VABB,OEJN,1514.0,,,,2503.02,Not Matched
502012523021670,AJC931,VTEXJ,VABB,OEJN,1514.0,79.0,1.26,2251.02,2503.02,Not Matched
502012523021670,AIC991,VTCIO,VIDP,OEJN,1514.0,79.0,1.26,2251.02,2503.02,Not Matched
502012523021670,AIC935,VTEXF,VABB,OEDF,36.0,79.0,1.26,53.52,305.52,Not Matched
502012523021670,AIC938,VTCII-I,OEJN,VABB,1675.0,,,,2490.39,Not Matched
502012523021670,AIC992,VTCIO,OEJN,VIDP,1675.0,79.0,1.26,2490.39,2490.39,Matched
502012523021670,AIC932,VTEXJ,OEJN,VABB,1675.0,79.0,1.26,2490.39,2490.39,Matched
502012523021670,AIC936,VTEXF,OEDF,VABB,58.0,79.0,1.26,86.23,86.23,Matched
502012523021670,AIC926D,VTEXU,OERK,VIDP,400.0,79.0,1.26,594.72,594.72,Matched
502012523021670,AIC921,VTRTT,VABB,OERK,760.0,79.0,1.26,1129.97,1381.97,Not Matched
502012523021670,AJC922,VTRTT,OERK,VABB,926.0,79.0,1.26,1376.78,1376.78,Matched
502012523021670,AIC991,VTCIN,VIDP,OEJN,1241.0,79.0,1.26,1845.12,2097.12,Not Matched
502012523021670,AIC992,VTCIN,OEJN,VIDP,,79.0,1.26,,2490.39,Not Matched
502012523021670,AIC935,VTRTT,VABB,OEDF,36.0,79.0,1.26,53.52,305.52,Not Matched
502012523021670,AIC936,VTRTT,OEDF,VABB,58.0,79.0,1.26,86.23,86.23,Matched
502012523021670,AIC921,VTCIM,VABB,OERK,760.0,79.0,1.26,1129.97,,Not Matched
502012523021670,AIC922,VTCIM,OERK,VABB,926.0,79.0,1.26,1376.78,1376.78,Matched
502012523021670,AIC925,VTEXL,VIDP,OERK,373.0,79.0,1.26,554.58,806.58,Not Matched
502012523021670,AJC926,VTEXL,OERK,VIDP,400.0,79.0,1.26,594.72,594.72,Matched
502012523021670,AIC937,VTCIP,VABB,OEJN,1514.0,79.0,1.26,2251.02,2503.02,Not Matched
502012523021670,AIC935,VTRTS,VABB,OEDF,36.0,79.0,1.26,53.52,305.52,Not Matched
502012523021670,AIC938,VTCIP,OEJN,VABB,1675.0,79.0,1.26,2490.39,2490.39,Matched
502012523021670,AIC936,VTRTS,OEDF,VABB,58.0,79.0,1.26,86.23,86.23,Matched
502012523021670,AIC921,VTEXS,VABB,OERK,760.0,79.0,1.26,1129.97,1381.97,Not Matched
502012523021670,AIC922,VTEXS,OERK,VABB,926.0,79.0,1.26,1376.78,1376.78,Matched
502012523021670,AJC925,VTCIG,VIDP,OERK,389.0,79.0,1.26,578.37,830.37,Not Matched
502012523021670,AIC926,VTCIG,OERK,VIDP,400.0,79.0,1.26,594.72,594.72,Matched
502012523021670,AJC991,VTEXL,VIDP,OEJN,1675.0,79.0,1.26,2490.39,2742.39,Not Matched
502012523021670,AIC992,VTEXL,OEJN,VIDP,1675.0,79.0,1.26,2490.39,2490.39,Matched
502012523021670,AIC935,VTCIP,VABB,OEDF,36.0,79.0,1.26,53.52,305.52,Not Matched
502012523021670,AIC936,VTCIP,OEDF,VABB,58.0,79.0,1.26,86.23,86.23,Matched
502012523021670,AIC921,VTEXP,VABB,OERK,760.0,79.0,1.26,1129.97,1381.97,Not Matched
502012523021670,AIC922,VTEXP,OERK,VABB,926.0,79.0,1.26,1376.78,,Not Matched
502012523021670,AIC991,VTCIH,VIDP,OEJN,1241.0,79.0,1.26,1845.12,,Not Matched
502012523021670,AIC992,VTCIH,OEJN,VIDP,1247.0,79.0,1.26,1854.04,,Not Matched
502012523021670,AJC935,VTEXP,VABB,OEDF,36.0,79.0,1.26,53.52,305.52,Not Matched
502012523021670,AIC936,VTEXP,OEDF,VABB,58.0,79.0,1.26,86.23,86.23,Matched
502012523021670,AIC921,VTEXS,VABB,OERK,760.0,79.0,1.26,1129.97,1381.97,Not Matched
502012523021670,AIC922,VTEXS,OERK,VABB,926.0,79.0,1.26,1376.78,1376.78,Matched
502012523021670,AIC925,VTCIM,VIDP,OERK,389.0,79.0,1.26,578.37,830.37,Not Matched
502012523021670,AIC926,VTCIM,OERK,VIDP,400.0,79.0,1.26,594.72,594.72,Matched
502012523021670,AIC937,VTCIN,VABB,OEJN,1514.0,79.0,1.26,2251.02,2503.02,Not Matched
502012523021670,AJC931,VTEXL,VABB,OEJN,1514.0,79.0,1.26,2251.02,2503.02,Not Matched
502012523021670,AIC935,VTEXS,VABB,OEDF,36.0,79.0,1.26,53.52,305.52,Not Matched
502012523021670,AJC991,VTCID,VIDP,OEJN,1514.0,79.0,1.26,2251.02,2503.02,Not Matched
502012523021670,AIC938,VTCIN,OEJN,VABB,1675.0,79.0,1.26,2490.39,2490.39,Matched
502012523021670,AIC932,VTEXL,OEJN,VABB,,79.0,1.26,,2490.39,Not Matched
502012523021670,AIC992,VTCID,OEJN,VIDP,1247.0,79.0,1.26,1854.04,1854.04,Matched
502012523021670,AIC936,VTEXS,OEDF,VABB,58.0,79.0,1.26,86.23,86.23,Matched
502012523021670,AIC921,VTEXT,VABB,OERK,760.0,79.0,1.26,1129.97,,Not Matched
502012523021670,AIC922,VTEXT,OERK,VABB,926.0,79.0,1.26,1376.78,1376.78,Matched
502012523021670,AIC991,VTCIO,VIDP,OEJN,1514.0,79.0,1.26,2251.02,,Not Matched
502012523021670,AJC931,VTCIH,VABB,OEJN,1514.0,79.0,1.26,2251.02,2503.02,Not Matched
502012523021670,AIC992,VTCIO,OEJN,VIDP,1675.0,79.0,1.26,2490.39,2490.39,Matched
502012523021670,AIC932,VTCIH,OEJN,VABB,1675.0,79.0,1.26,2490.39,2490.39,Matched
502012523021670,AIC935,VTCIN,VABB,OEDF,36.0,79.0,1.26,53.52,305.52,Not Matched
502012523021670,AIC936,VTCIN,OEDF,VABB,58.0,79.0,1.26,86.23,86.23,Matched
502012523021670,AIC921,VTEXH,VABB,OERK,760.0,79.0,1.26,1129.97,1381.97,Not Matched
502012523021670,AIC922,VTEXI,OERK,VABB,926.0,79.0,1.26,1376.78,1376.78,Matched
502012523021670,AJC925,VTEXO,VIDP,OERK,389.0,79.0,1.26,578.37,830.37,Not Matched
502012523021670,AIC926,VTEXO,OERK,VIDP,400.0,79.0,1.26,594.72,594.72,Matched
502012523021670,AJC937,VTEXL,VABB,OEJN,1514.0,79.0,1.26,2251.02,2503.02,Not Matched
502012523021670,AIC931,VTCIN,VABB,OEJN,1514.0,79.0,1.26,2251.02,2503.02,Not Matched
502012523021670,AIC991,VTCIG,VIDP,OEJN,1241.0,79.0,1.26,1845.12,2097.12,Not Matched
502012523021670,AIC935,VTEXT,VABB,OEDF,36.0,79.0,1.26,53.52,305.52,Not Matched
502012523021670,AIC938,VTEXL,OEJN,VABB,1675.0,79.0,1.26,2490.39,2490.39,Matched
502012523021670,AIC932,VTCIN,OEJN,VABB,1675.0,79.0,1.26,2490.39,,Not Matched
502012523021670,AIC992,VTCIG,OEJN,VIDP,1675.0,79.0,1.26,2490.39,,Not Matched
502012523021670,AIC936,VTEXT,OEDF,VABB,58.0,79.0,1.26,86.23,86.23,Matched
502012523021670,AJC921,VTEXN,VABB,OERK,389.0,79.0,1.26,578.37,830.37,Not Matched
502012523021670,AIC\32,VTANG,EGLL,VOBL,1335.0,227.93,2.14,3371.14,3371.14,Matched
502012523021670,AICl02,VTJRB,KJFK,OMSJ,1335.0,280.0,2.37,3733.46,3764.97,Not Matched
502012523021670,AIC922,VTEXN,OERK,VABB,926.0,79.0,1.26,1376.78,1376.78,Matched
502012523021670,AICll6,VTAEM,KJFK,OEJN,908.0,351.534,2.65,2839.32,3369.32,Not Matched
502012523021670,AICl88,VTALU,CYYZ,OEJN,175.0,351.534,2.65,547.23,1077.23,Not Matched
502012523021670,AICll6D,VTAEM,OEJN,VABB,1675.0,351.534,2.65,5237.72,5237.73,Matched
502012523021670,AJCl26,VTALJ,KORD,OEJN,175.0,351.534,2.65,547.23,1077.23,Not Matched
502012523021670,AIC188D,VTALU,OEJN,VIDP,1675.0,351.534,2.65,5237.72,5237.73,Matched
502012523021670,AJC126D,VTALJ,OEJN,VIDP,1675.0,351.534,2.65,5237.72,5237.73,Matched
502012523021670,AICl90,VTALR,CVYZ,OMSJ,1502.0,351.534,2.65,4696.75,4696.75,Matched
502012523021670,AIC104D,VTANP,LOWW,VIDP,1441.0,227.93,2.14,3638.81,,Not Matched
502012523021670,AICl33,VTANE,VOBL,EGLL,2165.0,227.93,2.14,5467.06,5467.06,Matched
502012523021670,AICl31,VTAEO,VABB,EGLL,1538.0,351.534,2.65,4809.33,4809.33,Matched
502012523021670,AICl55,VTANV,VIDP,EHAM,1538.0,227.93,2.14,3883.76,3883.76,Matched
502012523021670,AICl43,VTANV,VIDP,LFPG,1538.0,227.93,2.14,3883.76,3883.76,Matched
502012523021670,AICI06D,VTJRE,LOWW,VIDP,1441.0,280.0,2.37,4029.9,4063.91,Not Matched
502012523021670,AJC2017,VTTSE,VIDP,EGLL,1538.0,247.207,2.22,4028.94,4083.39,Not Matched
502012523021670,AIC\57,VTANN,VlDP,EKCH,1538.0,227.93,2.14,3883.76,3883.76,Matched
502012523021670,AICl62,VTJRJ,EGLL,VIDP,1441.0,,,,4063.91,Not Matched
502012523021670,AICl37,VTANH,VIDP,LIMC,1538.0,227.93,2.14,3883.76,3883.76,Matched
502012523021670,AICll3,VTANX,VIDP,EGBB,1538.0,227.93,2.14,3883.76,3883.76,Matched
502012523021670,AIC2029,VTTSN,VIDP,EDDF,1538.0,247.207,2.22,4028.94,4083.39,Not Matched
502012523021670,AICl51,VTANA,VIDP,LSZH,1538.0,227.93,2.14,3883.76,3883.76,Matched
502012523021670,AIC2016,VTTSP,EDDF,VIDP,1441.0,247.207,2.22,3774.84,3825.86,Not Matched
502012523021670,AIC931,VTCIP,VABB,OEJN,1514.0,79.0,1.26,2251.02,2503.02,Not Matched
502012523021670,AJC991,VTCIQ,VIDP,OEJN,1241.0,79.0,1.26,1845.12,2097.12,Not Matched
502012523021670,AIC992,VTCIQ,OEJN,VIDP,1247.0,79.0,1.26,1854.04,1854.04,Matched
502012523021670,AIC935,VTTNP,VABB,OEDF,36.0,77.0,1.24,52.68,305.52,Not Matched
502012523021670,AIC932,VTCIP,OEJN,VABB,1675.0,79.0,1.26,2490.39,2490.39,Matched
502012523021670,AIC936,VTTNP,OEDF,VABB,58.0,77.0,1.24,84.87,86.23,Not Matched
502012523021670,AICll9,VTAER,VABB,KJFK,1538.0,351.534,2.65,4809.33,4809.33,Matched
502012523021670,AICl27,VTALR,VIDP,LOWW,1538.0,351.534,2.65,4809.33,4809.33,Matched
502012523021670,AIC187,VTALU,VIDP,LOWW,1538.0,351.534,2.65,4809.33,4809.33,Matched
502012523021670,AJCl56,VTANV,EHAM,VIDP,1441.0,227.93,2.14,3638.81,3638.81,Matched
502012523021670,AIC\61,VTJRE,VlDP,EGLL,1538.0,280.0,2.37,4301.17,4337.47,Not Matched
502012523021670,AICl05,VTJRA,VIDP,KEWR,1538.0,280.0,2.37,4301.17,4337.47,Not Matched
502012523021670,AICl38,VTANH,LIMC,VIDP,1441.0,227.93,2.14,3638.81,,Not Matched
502012523021670,AICI0I,VTJRI,VIDP,KJFK,1538.0,280.0,2.37,4301.17,4337.47,Not Matched
502012523021670,AICl42,VTANY,LFPG,VIDP,1441.0,227.93,2.14,3638.81,3638.81,Matched
502012523021670,AIC921,VTEXI,VABB,DERK,389.0,79.0,1.26,578.37,830.37,Not Matched
502012523021670,AJCl29,VTAEM,VABB,EGLL,1538.0,351.534,2.65,4809.33,4809.33,Matched
502012523021670,AICl30,VTAEO,EGLL,VABB,1441.0,351.534,2.65,4506.01,4506.01,Matched
502012523021670,AJCl58,VTANN,EKCH,VIDP,1441.0,227.93,2.14,3638.81,3638.81,Matched
502012523021670,AICl32,VTANE,EGLL,VOBL,1441.0,227.93,2.14,3638.81,3638.81,Matched
502012523021670,AIC103,VTNAC,VlDP,LOWW,,227.93,2.14,,3883.76,Not Matched
502012523021670,AIC2018,VTTSE,EGLL,VIDP,1441.0,247.207,2.22,3774.84,3825.86,Not Matched
502012523021670,AICl89,VTALM,VIDP,LOWW,1538.0,351.534,2.65,4809.33,4809.33,Matched
502012523021670,AICll8,VTANX,EGBB,VIAR,1441.0,227.93,2.14,3638.81,3638.81,Matched
502012523021670,AIC922,VTEXH,OERK,VABB,926.0,79.0,1.26,1376.78,,Not Matched
502012523021670,AICIII,VTJRB,VlDP,EGLL,1538.0,280.0,2.37,4301.17,4337.47,Not Matched
502012523021670,AJC2025,VTTSP,VIDP,EDDF,1538.0,247.207,2.22,4028.94,4083.39,Not Matched
502012523021670,AIC\26,VTALK,KORD,VIDP,1441.0,351.534,2.65,4506.01,4506.01,Matched
502012523021670,AJCl47D,VTANS,VIDP,LFPG,1538.0,227.93,2.14,3883.76,3883.76,Matched
502012523021670,AICI02,VTJRF,KJFK,VIDP,1441.0,280.0,2.37,4029.9,4063.91,Not Matched
502012523021670,AIC203D,VTTSN,EDDF,VIDP,1441.0,247.207,2.22,3774.84,3825.86,Not Matched
502012523021670,AICl88,VTALO,CYYZ,VIDP,1441.0,351.534,2.65,4506.01,4506.01,Matched
502012523021670,AICl92,VTJRH,KJFK,VIDP,1441.0,280.0,2.37,4029.9,4063.91,Not Matched
502012523021670,AJCl69,VTNAA,VIAR,EGKK,1538.0,227.93,2.14,3883.76,3883.76,Matched
502012523021670,AJC2017,VTTSH,VIDP,EGLL,1538.0,247.207,2.22,4028.94,4083.39,Not Matched
502012523021670,AJC2027,VTTSQ,VABB,EDDF,1538.0,252.65,2.25,4083.39,4083.39,Matched
502012523021670,AICl31,VTAEO,VABB,EGLL,1538.0,351.534,2.65,4809.33,4809.33,Matched
502012523021670,AIC925,VTEXM,VIDP,OERK,389.0,79.0,1.26,578.37,830.37,Not Matched
502012523021670,AICl51,VTANH,VIDP,LSZH,1538.0,227.93,2.14,3883.76,3883.76,Matched
502012523021670,AIC2015,VTANY,VIDP,EGLL,1538.0,227.93,2.14,3883.76,3883.76,Matched
502012523021670,AIC926,VTEXM,OERK,VIDP,400.0,79.0,1.26,594.72,594.72,Matched
502012523021670,AICl62,VTJRE,EGLL,VIDP,1441.0,280.0,2.37,4029.9,4063.91,Not Matched
502012523021670,AIC153,VTANJ,VIDP,LOWW,1538.0,227.93,2.14,3883.76,,Not Matched
502012523021670,AJCll7,VTANX,VIAR,EGBB,1538.0,227.93,2.14,3883.76,3883.76,Matched
502012523021670,AIC\57,VTANV,VIDP,EKCH,1538.0,227.93,2.14,3883.76,3883.76,Matched
502012523021670,AJCl52D,VTANA,LSZH,VIDP,1441.0,227.93,2.14,3638.81,3638.81,Matched
502012523021670,AIC937,VTCIN,VABB,OEJN,1514.0,79.0,1.26,2251.02,2503.02,Not Matched
502012523021670,AIC2026,VTTSP,EDDF,VIDP,1441.0,247.207,2.22,3774.84,3825.86,Not Matched
502012523021670,AICl28,VTAEM,EGLL,VABB,1480.0,351.534,2.65,4627.96,4627.96,Matched
502012523021670,AIC931,VTEXJ,VABB,OEJN,1514.0,79.0,1.26,2251.02,2503.02,Not Matched
502012523021670,AJC991,VTCID,VIDP,OEJN,1675.0,79.0,1.26,2490.39,2742.39,Not Matched
502012523021670,AICl30D,VTAEN,LOWW,VABB,1441.0,351.534,2.65,4506.01,4506.01,Matched
502012523021670,AICll2,VTJRB,EGLL,VIDP,1441.0,280.0,2.37,4029.9,4063.91,Not Matched
502012523021670,AIC935,VTTNW,VABB,OEDF,36.0,77.0,1.24,52.68,305.52,Not Matched
502012523021670,AIC992,VTCID,OEJN,VIDP,,79.0,1.26,,2490.39,Not Matched
502012523021670,AIC938,VTCIN,OEJN,VABB,1675.0,79.0,1.26,2490.39,2490.39,Matched
502012523021670,AIC932,VTEXJ,OEJN,VABB,1675.0,79.0,1.26,2490.39,2490.39,Matched
502012523021670,AICl37,VTANN,VIDP,LIMC,1538.0,227.93,2.14,3883.76,3883.76,Matched
502012523021670,AIC936,VTTNW,OEDF,VABB,58.0,77.0,1.24,84.87,86.23,Not Matched
502012523021670,AIC148,VTANS,LFPG,VIDP,1441.0,227.93,2.14,3638.81,,Not Matched
502012523021670,AJCl61,VTJRH,VlDP,EGLL,1538.0,280.0,2.37,4301.17,4337.47,Not Matched
502012523021670,AIC2028,VTTSQ,EDDF,VAB8,1421.0,252.65,2.25,3772.76,3772.76,Matched
502012523021670,AICl52,VTANH,LSZH,VIDP,1441.0,227.93,2.14,3638.81,,Not Matched
502012523021670,AICl27,VTALN,VIDP,LOWW,1538.0,351.534,2.65,4809.33,4809.33,Matched
502012523021670,AIC2018,VTTSl,EGLL,VIDP,1441.0,,,,3825.86,Not Matched
502012523021670,AICl46,VTNAA,EGKK,VOGA,1484.0,227.93,2.14,3747.4,3747.4,Matched
502012523021670,AICll6,VTAER,KJFK,VABB,1484.0,351.534,2.65,4640.47,4640.47,Matched
502012523021670,AJCl87,VTALJ,VIDP,LOWW,1538.0,351.534,2.65,4809.33,4809.33,Matched
502012523021670,AIC921,VTEXN,VABB,OERK,373.0,79.0,1.26,554.58,806.58,Not Matched
502012523021670,AJCl54,VTANJ,LOWW,VIDP,1441.0,227.93,2.14,3638.81,3638.81,Matched
502012523021670,AICl30,VTAEO,EGLL,VABB,1441.0,351.534,2.65,4506.01,4506.01,Matched
502012523021670,AICI0I,VTJRF,VIDP,KJFK,,280.0,2.37,,4337.47,Not Matched
502012523021670,AIC2016,VTANY,EGLL,VIDP,1441.0,227.93,2.14,3638.81,,Not Matched
502012523021670,AICI06,VTJRA,KEWR,VIDP,1441.0,280.0,2.37,4029.9,4063.91,Not Matched
502012523021670,AICll9,VTAEM,VABB,KJFK,1538.0,351.534,2.65,4809.33,4809.33,Matched
502012523021670,AIC922,VTEXN,OERK,VABB,926.0,79.0,1.26,1376.78,1376.78,Matched
502012523021670,AICIII,VTJRE,VJDP,EGLL,1538.0,280.0,2.37,4301.17,4337.47,Not Matched
502012523021670,AICl29D,VTAEN,VABB,EGLL,1538.0,351.534,2.65,4809.33,4809.33,Matched
502012523021670,AICl58D,VTANV,EKCH,VIDP,1441.0,227.93,2.14,3638.81,3638.81,Matched
502012523021670,AICl02,VTJRJ,KJFK,VIDP,1441.0,,,,4063.91,Not Matched
502012523021670,AICl89D,VTALX,VIDP,LOWW,1538.0,351.534,2.65,4809.33,4809.33,Matched
502012523021670,AIC2025,VTTSP,VIDP,EDDF,1538.0,247.207,2.22,4028.94,4083.39,Not Matched
502012523021670,AICl47D,VTTSE,VIDP,LFPG,1538.0,247.207,2.22,4028.94,4083.39,Not Matched
502012523021670,AICl26,VTALR,KORD,VIDP,1421.0,351.534,2.65,4443.47,4443.47,Matched
502012523021670,AICI03D,VTANI,VIDP,LOWW,1538.0,227.93,2.14,3883.76,3883.76,Matched
502012523021670,AJC114,VTANX,EGBB,VIDP,1441.0,227.93,2.14,3638.81,3638.81,Matched
502012523021670,AJC138D,VTANN,LIMC,VIDP,1441.0,227.93,2.14,3638.81,3638.81,Matched
502012523021670,AICl88,VTALU,CVYZ,VIDP,1441.0,351.534,2.65,4506.01,4506.01,Matched
502012523021670,AIC104,VTNAC,KIAD,VIDP,1441.0,227.93,2.14,3638.81,,Not Matched
502012523021670,AICl55,VTANA,VIDP,EHAM,1538.0,227.93,2.14,3883.76,3883.76,Matched
502012523021670,AIC2027,VTTSQ,VABB,EDDF,1538.0,252.65,2.25,4083.39,4083.39,Matched
502012523021670,AICl31,VTAER,VABB,EGLL,1538.0,351.534,2.65,4809.33,4809.33,Matched
502012523021670,AIC2017,VTTSO,VIDP,EGLL,1538.0,247.207,2.22,4028.94,4083.39,Not Matched
502012523021670,AIC2029,VTTSH,VJDP,EDDF,1538.0,247.207,2.22,4028.94,4083.39,Not Matched
502012523021670,AJCl90,VTALM,CYYZ,VIDP,1441.0,351.534,2.65,4506.01,4506.01,Matched
502012523021670,AIC\33,VTANU,VOBL,EGLL,2165.0,227.93,2.14,5467.06,5467.06,Matched
502012523021670,AICl62,VTJRH,EGLL,VIDP,1441.0,280.0,2.37,4029.9,4063.91,Not Matched
502012523021670,AICl53,VTTSN,VIDP,LOWW,1538.0,247.207,2.22,4028.94,4083.39,Not Matched
502012523021670,AIC925,VTEXO,VIDP,OERK,760.0,79.0,1.26,1129.97,1381.97,Not Matched
502012523021670,AICl51,VTANl,VIDP,LSZH,1538.0,,,,3883.76,Not Matched
502012523021670,AICl45,VTANK,YOGA,EGKK,1538.0,227.93,2.14,3883.76,3883.76,Matched
502012523021670,AJCl69,VTANS,VIAR,EGKK,1538.0,227.93,2.14,3883.76,3883.76,Matched
502012523021670,AIC926,VTEXO,OERK,VIDP,400.0,79.0,1.26,594.72,594.72,Matched
502012523021670,AICll3,VTANV,VIDP,EGBB,1538.0,227.93,2.14,3883.76,3883.76,Matched
502012523021670,AICl57,VTANW,VIDP,EKCH,1538.0,227.93,2.14,3883.76,3883.76,Matched
502012523021670,AIC112,VTJRE,EGLL,VIDP,1441.0,280.0,2.37,4029.9,4063.91,Not Matched
502012523021670,AIC2026,VTTSP,EDDF,VIDP,1441.0,247.207,2.22,3774.84,3825.86,Not Matched
502012523021670,AIC931,VTCIP,VABB,OEJN,1514.0,79.0,1.26,2251.02,2503.02,Not Matched
502012523021670,AICl48,VTTSE,LFPG,VIDP,1502.0,247.207,2.22,3934.64,3987.81,Not Matched
502012523021670,AIC991,VTEXL,VIDP,OEJN,1241.0,79.0,1.26,1845.12,2097.12,Not Matched
502012523021670,AIC128,VTAEN,EGLL,VABB,1484.0,351.534,2.65,4640.47,4640.47,Matched
502012523021670,AJC932,VTCIP,OEJN,VABB,1675.0,79.0,1.26,2490.39,,Not Matched
502012523021670,AIC992,VTEXL,OEJN,VJDP,1247.0,79.0,1.26,1854.04,1854.04,Matched
502012523021670,AICll9,VTAEO,VABB,KJFK,1538.0,351.534,2.65,4809.33,4809.33,Matched
502012523021670,AICI05,VTJRJ,VIDP,KEWR,1538.0,,,,4337.47,Not Matched
502012523021670,AIC935,VTTQI,VABB,OEDF,36.0,77.0,1.24,52.68,305.52,Not Matched
502012523021670,AIC2028,VTTSQ,EDDF,VABB,1441.0,252.65,2.25,3825.86,3825.86,Matched
502012523021670,AICl56,VTANA,EHAM,VIDP,1441.0,227.93,2.14,3638.81,,Not Matched
502012523021670,AJCl61,VTJRA,VIDP,EGLL,1538.0,280.0,2.37,4301.17,4337.47,Not Matched
502012523021670,AIC936,VTTQI,OEDF,VABB,61.0,77.0,1.24,89.26,90.69,Not Matched
502012523021670,AIC2030,VTTSH,EDDF,VIDP,1502.0,247.207,2.22,3934.64,3987.81,Not Matched
502012523021670,AICl54,VTTSN,LOWW,VIDP,1441.0,247.207,2.22,3774.84,3825.86,Not Matched
502012523021670,AIC127,VTALT,VIDP,LOWW,,351.534,2.65,,4809.33,Not Matched
502012523021670,AICI0I,VTJRB,VIDP,KJFK,1538.0,280.0,2.37,4301.17,4337.47,Not Matched
502012523021670,AIC2018,VTTSO,EGLL,VIDP,1335.0,247.207,2.22,3497.17,3544.43,Not Matched
502012523021670,AICl30,VTAER,EGLL,VABB,1484.0,351.534,2.65,4640.47,4640.47,Matched
502012523021670,AICl29,VTAEO,VABB,EGLL,1538.0,351.534,2.65,4809.33,4809.33,Matched
502012523021670,AIC921,VTEXJ,VABB,OERK,760.0,79.0,1.26,1129.97,,Not Matched
502012523021670,AICI02,VTJRF,KJFK,VIDP,1441.0,280.0,2.37,4029.9,4063.91,Not Matched
502012523021670,AIC\87,VTALR,VIDP,LOWW,1538.0,351.534,2.65,4809.33,4809.33,Matched
502012523021670,AIC922,VTEXJ,OERK,VAB8,926.0,79.0,1.26,1376.78,1376.78,Matched
502012523021670,AICl58,VTANW,EKCH,VIDP,1441.0,227.93,2.14,3638.81,,Not Matched
502012523021670,AICl70,VTANS,EGKK,VIAR,1441.0,227.93,2.14,3638.81,3638.81,Matched
502012523021670,AICl47,VTANX,VIDP,LFPG,1538.0,227.93,2.14,3883.76,3883.76,Matched
502012523021670,AICl60,VTANK,EGKK,VAAl-1,1441.0,227.93,2.14,3638.81,,Not Matched
502012523021670,AICIII,VTJRE,VIDP,EGLL,1538.0,280.0,2.37,4301.17,4337.47,Not Matched
502012523021670,AJC116,VTAEM,KJFK,VABB,1441.0,351.534,2.65,4506.01,4506.01,Matched
502012523021670,AIC118,VTANV,EGBB,VIAR,1441.0,227.93,2.14,3638.81,3638.81,Matched
502012523021670,AICl26,VTALN,KORD,VIDP,1421.0,351.534,2.65,4443.47,4443.47,Matched
502012523021670,AIC188,VTALJ,CYYZ,VIDP,1441.0,351.534,2.65,4506.01,4506.01,Matched
502012523021670,AIC132D,VTANU,EGLL,VOBL,1441.0,227.93,2.14,3638.81,,Not Matched
502012523021670,AIC2027,VTTSQ,VABB,EDDF,1538.0,252.65,2.25,4083.39,4083.39,Matched
502012523021670,AICl55,VTANA,VIDP,EHAM,1538.0,227.93,2.14,3883.76,3883.76,Matched
502012523021670,AIC2017,VTTSO,VIDP,EGLL,1538.0,247.207,2.22,4028.94,4083.39,Not Matched
502012523021670,AIC2029,VTTSH,VJDP,EDDF,1538.0,247.207,2.22,4028.94,4083.39,Not Matched
502012523021670,AICl90D,VTALX,CYYZ,VIDP,1441.0,351.534,2.65,4506.01,4506.01,Matched
502012523021670,AIC\37,VTTSE,VlDP,LIMC,1538.0,247.207,2.22,4028.94,4083.39,Not Matched
502012523021670,AICl51,VTANN,VIDP,LSZl-1,1538.0,227.93,2.14,3883.76,3883.76,Matched
502012523021670,AICl31,VTAEN,VABB,EGLL,1538.0,351.534,2.65,4809.33,4809.33,Matched
502012523021670,AICl59,VTANL,VAAl-1,EGKK,1450.0,227.93,2.14,3661.54,3661.54,Matched
502012523021670,AICl62,VTJRA,EGLL,VIDP,1441.0,280.0,2.37,4029.9,4063.91,Not Matched
502012523021670,AICl28,VTAEO,EGLL,VABB,1480.0,351.534,2.65,4627.96,4627.96,Matched
502012523021670,AJC931,VTEXJ,VABB,OEJN,1514.0,79.0,1.26,2251.02,2503.02,Not Matched
502012523021670,AIC991,VTCIQ,VIDP,OEJN,1241.0,79.0,1.26,1845.12,2097.12,Not Matched
502012523021670,AJCl48,VTANX,LFPG,VIDP,1441.0,227.93,2.14,3638.81,,Not Matched
502012523021670,AIC992,VTCIQ,OEJN,VIDP,1675.0,79.0,1.26,2490.39,2490.39,Matched
502012523021670,AIC112,VTJRE,EGLL,VIDP,1441.0,280.0,2.37,4029.9,4063.91,Not Matched
502012523021670,AIC935,VTTNY,VABB,OEDF,36.0,77.0,1.24,52.68,305.52,Not Matched
502012523021670,AIC932,VTEXJ,OEJN,VABB,1675.0,79.0,1.26,2490.39,2490.39,Matched
502012523021670,AIC936,VTTNY,OEDF,VABB,61.0,77.0,1.24,89.26,90.69,Not Matched
502012523021670,AICll9,VTAEM,VABB,KJFK,2165.0,351.534,2.65,6769.95,6769.96,Matched
502012523021670,AIC2028,VTTSQ,EDDF,VABB,1441.0,252.65,2.25,3825.86,,Not Matched
502012523021670,AJCl27,VTALJ,VIDP,LOWW,1523.0,351.534,2.65,4762.42,4762.42,Matched
502012523021670,AIC\05,VTJRF,VIDP,KEWR,1787.0,280.0,2.37,4997.52,5039.7,Not Matched
502012523021670,AICl56,VTANA,EHAM,VIDP,1441.0,227.93,2.14,3638.81,3638.81,Matched
502012523021670,AICI04,VTANI,KIAD,VIDP,1441.0,227.93,2.14,3638.81,,Not Matched
502012523021670,AICl52,VTANN,LSZJ-1,VIDP,1441.0,227.93,2.14,3638.81,3638.81,Matched
502012523021670,AICl61,VTJRH,VIDP,EGLL,1523.0,280.0,2.37,4259.22,4295.16,Not Matched
502012523021670,AIC2030,VTTSH,EDDF,VIDP,1441.0,247.207,2.22,3774.84,3825.86,Not Matched
502012523021670,AJCl38,VTTSE,LIMC,VIDP,1441.0,247.207,2.22,3774.84,3825.86,Not Matched
502012523021670,AJC2018,VTTSO,EGLL,VIDP,1441.0,247.207,2.22,3774.84,3825.86,Not Matched
502012523021670,AJCl30,VTAER,EGLL,VABB,1480.0,351.534,2.65,4627.96,4627.96,Matched
502012523021670,AICl29,VTAEN,VABB,EGLL,2059.0,351.534,2.65,6438.49,6438.49,Matched
502012523021670,AICI0I,VTJRA,VlDP,KJFK,,280.0,2.37,,5612.2,Not Matched
502012523021670,AICI06,VTJRJ,KEWR,VIDP,1441.0,,,,4063.91,Not Matched
502012523021670,AICll6,VTAEP,KJFK,VABB,1441.0,351.534,2.65,4506.01,4506.01,Matched
502012523021670,AICl60,VTANL,EGKK,VAAH,1441.0,227.93,2.14,3638.81,3638.81,Matched
502012523021670,AICl47,VTANU,VIDP,LFPG,1523.0,227.93,2.14,3845.88,3845.88,Matched
502012523021670,AIC102,VTJRB,KJFK,VIDP,1441.0,280.0,2.37,4029.9,4063.91,Not Matched
502012523021670,AJCl87,VTALM,VIDP,LOWW,1523.0,351.534,2.65,4762.42,4762.42,Matched
502012523021670,AIC2025,VTTSP,VIDP,EDDF,1523.0,247.207,2.22,3989.65,4043.57,Not Matched
502012523021670,AIC921,VTCIN,VABB,OERK,760.0,79.0,1.26,1129.97,1381.97,Not Matched
502012523021670,AIC922,VTCIN,OERK,VABB,926.0,79.0,1.26,1376.78,1376.78,Matched
502012523021670,AICIII,VTJRE,VlDP,EGLL,1450.0,280.0,2.37,4055.07,4089.29,Not Matched
502012523021670,AICI03D,VTANX,VlDP,LOWW,1523.0,227.93,2.14,3845.88,3845.88,Matched
502012523021670,AICl26,VTALT,KORD,VIDP,1441.0,351.534,2.65,4506.01,4506.01,Matched
502012523021670,AJCl55,VTNAA,VIDP,EHAM,1450.0,227.93,2.14,3661.54,3661.54,Matched
502012523021670,AICl31,VTAEO,VABB,EGLL,2165.0,351.534,2.65,6769.95,6769.96,Matched
502012523021670,AJCl88,VTALR,CYYZ,VIDP,1489.0,351.534,2.65,4656.1,4656.1,Matched
502012523021670,AICl45,VTANP,YOGA,EGKK,1523.0,227.93,2.14,3845.88,3845.88,Matched
502012523021670,AIC2017,VTTSE,VIDP,EGLL,,247.207,2.22,,4043.57,Not Matched
502012523021670,AIC2029,VTTSO,VIDP,EDDF,1523.0,247.207,2.22,3989.65,4043.57,Not Matched
502012523021670,AIC2015,VTTSN,VIDP,EGLL,1523.0,247.207,2.22,3989.65,4043.57,Not Matched
502012523021670,AICl62,VTJRH,EGLL,VIDP,1441.0,280.0,2.37,4029.9,4063.91,Not Matched
502012523021670,AIC925,VTEXP,VIDP,OERK,760.0,79.0,1.26,1129.97,1381.97,Not Matched
502012523021670,AIC2026,VTTSP,EDDF,VIDP,1441.0,247.207,2.22,3774.84,3825.86,Not Matched
502012523021670,AJCl28,VTAEN,EGLL,VABB,1441.0,351.534,2.65,4506.01,4506.01,Matched
502012523021670,AIC\48,VTANU,LFPG,VIDP,1441.0,227.93,2.14,3638.81,3638.81,Matched
502012523021670,AIC926,VTEXP,OERK,VIDP,400.0,79.0,1.26,594.72,594.72,Matched
502012523021670,AIC937,VTEXJ,VABB,OEJN,1514.0,79.0,1.26,2251.02,2503.02,Not Matched
502012523021670,AIC991,VTCIQ,VIDP,OEJN,1241.0,79.0,1.26,1845.12,2097.12,Not Matched
502012523021670,AIC931,VTEXM,VABB,OEJN,1514.0,79.0,1.26,2251.02,2503.02,Not Matched
502012523021670,AIC992,VTCIQ,OEJN,VIDP,1247.0,79.0,1.26,1854.04,1854.04,Matched
502012523021670,AJC935,VTTNY,VABB,OEDF,36.0,77.0,1.24,52.68,305.52,Not Matched
502012523021670,AIC938,VTEXJ,OEJN,VABB,1675.0,79.0,1.26,2490.39,2490.39,Matched
502012523021670,AJCl37,VTANJ,VIDP,LIMC,1523.0,227.93,2.14,3845.88,3845.88,Matched
502012523021670,AIC932,VTEXM,OEJN,VABB,1675.0,79.0,1.26,2490.39,2490.39,Matched
502012523021670,AIC112,VTJRE,EGLL,VIDP,1441.0,280.0,2.37,4029.9,4063.91,Not Matched
502012523021670,AIC936,VTTNY,OEDF,VABB,61.0,77.0,1.24,89.26,90.69,Not Matched
502012523021670,AICl54,VTANR,LOWW,VIDP,1441.0,227.93,2.14,3638.81,3638.81,Matched
502012523021670,AICl27,VTALX,VIDP,LOWW,1990.0,351.534,2.65,6222.73,6222.73,Matched
502012523021670,AICl56,VTNAA,EHAM,VIDP,1441.0,227.93,2.14,3638.81,3638.81,Matched
502012523021670,AIC119,VTAER,VABB,KJFK,1990.0,351.534,2.65,6222.73,,Not Matched
502012523021670,AJCl91,VTAEP,VABB,KEWR,1990.0,351.534,2.65,6222.73,6222.73,Matched
502012523021670,AIC\87,VTALR,VIDP,LOWW,1523.0,351.534,2.65,4762.42,4762.42,Matched
502012523021670,AICl61,VTJRB,VIDP,EGLL,1523.0,280.0,2.37,4259.22,4295.16,Not Matched
502012523021670,AIC2030,VTTSO,EDDF,VIDP,1441.0,247.207,2.22,3774.84,3825.86,Not Matched
502012523021670,AICll6,VTAEM,KJFK,VABB,1441.0,351.534,2.65,4506.01,4506.01,Matched
502012523021670,AIC2018,VTTSE,EGLL,VIDP,1441.0,247.207,2.22,3774.84,3825.86,Not Matched
502012523021670,AICl29,VTAEN,VABB,EGLL,2059.0,351.534,2.65,6438.49,6438.49,Matched
502012523021670,AJCl47,VTANS,VIDP,LFl'G,1990.0,227.93,2.14,5025.15,5025.15,Matched
502012523021670,AIC2016,VTTSN,EGLL,VIDP,1441.0,247.207,2.22,3774.84,3825.86,Not Matched
502012523021670,AIC921,VTCIN,VABB,OERK,389.0,79.0,1.26,578.37,830.37,Not Matched
502012523021670,AICI06,VTJRF,KEWR,VIDP,1441.0,280.0,2.37,4029.9,4063.91,Not Matched
502012523021670,AIC2025,VTTSP,VIDP,EDDF,1990.0,247.207,2.22,5213.0,5283.45,Not Matched
502012523021670,AICI03,VTNAC,VIDP,LOWW,1523.0,227.93,2.14,3845.88,3845.88,Matched
502012523021670,AICIII,VTJRH,VIDP,EGLL,1450.0,280.0,2.37,4055.07,4089.29,Not Matched
502012523021670,AIC922,VTCIN,OERK,VABB,926.0,79.0,1.26,1376.78,,Not Matched
502012523021670,AJCI02,VTJRA,KJFK,VIDP,1441.0,280.0,2.37,4029.9,4063.91,Not Matched
502012523021670,AIC\26,VTALJ,KORD,VIDP,1441.0,351.534,2.65,4506.01,4506.01,Matched
502012523021670,AIC2027,VTTSQ,VABB,EDDF,2165.0,252.65,2.25,5748.07,5748.08,Matched
502012523021670,AICJl3,VTANI,VIDP,EGBB,1990.0,227.93,2.14,5025.15,5025.15,Matched
502012523021670,AICl43,VTTSH,VIDP,LFPG,,247.207,2.22,,5283.45,Not Matched
502012523021670,AICl38D,VTANJ,LIMC,VIDP,1441.0,227.93,2.14,3638.81,3638.81,Matched
502012523021670,AICl59,VTANU,VAAH,EGKK,1523.0,227.93,2.14,3845.88,3845.88,Matched
502012523021670,AJCl62,VTJRB,EGLL,VIDP,1441.0,280.0,2.37,4029.9,4063.91,Not Matched
502012523021670,AICl04D,VTANX,KIAD,VIDP,1441.0,227.93,2.14,3638.81,3638.81,Matched
502012523021670,AIC137,VTANL,VlDP,LIMC,,227.93,2.14,,,Not Matched
502012523021670,AICl48,VTANS,LFPG,VIDP,1441.0,227.93,2.14,3638.81,,Not Matched
502012523021670,AIC991,VTCIP,VIDP,OEJN,1241.0,79.0,1.26,1845.12,2097.12,Not Matched
502012523021670,AICl28,VTAEN,EGLL,VABB,1441.0,351.534,2.65,4506.01,4506.01,Matched
502012523021670,AIC2026,VTTSP,EDDF,VIDP,1441.0,247.207,2.22,3774.84,3825.86,Not Matched
502012523021670,AICll2,VTJRH,EGLL,VIDP,1441.0,280.0,2.37,4029.9,4063.91,Not Matched
502012523021670,AJC992,VTCIP,OEJN,VIDP,1675.0,79.0,1.26,2490.39,2490.39,Matched
502012523021670,AIC931,VTEXM,VABB,OEJN,1514.0,79.0,1.26,2251.02,2503.02,Not Matched
502012523021670,AIC2028,VTTSQ,EDDF,VABB,1441.0,252.65,2.25,3825.86,3825.86,Matched
502012523021670,AJC936,VTEXI,OEDF,VABB,58.0,79.0,1.26,86.23,86.23,Matched
502012523021670,AICl27,VTALT,VIDP,LOWW,1523.0,351.534,2.65,4762.42,4762.42,Matched
502012523021670,AJC160,VTANP,EGKK,VAAH,1441.0,227.93,2.14,3638.81,3638.81,Matched
502012523021670,AICl61,VTJRB,VIDP,EGLL,1523.0,280.0,2.37,4259.22,4295.16,Not Matched
502012523021670,AIC187,VTALJ,VIDP,LOWW,,351.534,2.65,,4762.42,Not Matched
502012523021670,AJCll8,VTANI,EGBB,VlAR,1441.0,227.93,2.14,3638.81,,Not Matched
502012523021670,AICl42,VTTSH,LFPG,VIDP,1441.0,247.207,2.22,3774.84,3825.86,Not Matched
502012523021670,AICl32,VTANV,EGLL,VOBL,1441.0,227.93,2.14,3638.81,3638.81,Matched
502012523021670,AICll6,VTAER,KJFK,VABB,1441.0,351.534,2.65,4506.01,4506.01,Matched
502012523021670,AIC147,VTANJ,VIDP,LFPG,1990.0,227.93,2.14,5025.15,,Not Matched
502012523021670,AJCl46,VTANU,EGKK,VOGA,1480.0,227.93,2.14,3737.3,3737.3,Matched
502012523021670,AIC\44,VTAEP,KBWR,VABB,1441.0,351.534,2.65,4506.01,4506.01,Matched
502012523021670,AICIII,VTJRB,VIDP,EGLL,1538.0,280.0,2.37,4301.17,4337.47,Not Matched
502012523021670,AJCI02,VTJRI,KJFK,VIDP,1441.0,280.0,2.37,4029.9,4063.91,Not Matched
502012523021670,AIC921,VTEXJ,VABB,OERK,389.0,79.0,1.26,578.37,830.37,Not Matched
502012523021670,AJC922,VTEXJ,OERK,VABB,926.0,79.0,1.26,1376.78,1376.78,Matched
502012523021670,AICl26,VTALX,KORD,VIDP,1441.0,351.534,2.65,4506.01,4506.01,Matched
502012523021670,AIC2027,VTTSQ,VABB,EDDF,2165.0,252.65,2.25,5748.07,5748.08,Matched
502012523021670,AICl88,VTALR,CYYZ,VIDP,1441.0,351.534,2.65,4506.01,4506.01,Matched
502012523021670,AICl38,VTANL,LIMC,VIDP,2064.0,227.93,2.14,5212.01,5212.01,Matched
502012523021670,AICll7,VTANE,VIAR,EGBB,1990.0,227.93,2.14,5025.15,5025.15,Matched
502012523021670,AICl59,VTANX,VAAH,EGKK,1990.0,227.93,2.14,5025.15,5025.15,Matched
502012523021670,AIC104,VTNAC,KIAD,VIDP,1441.0,227.93,2.14,3638.81,,Not Matched
502012523021670,AJCl55,VTANS,VIDP,EHAM,1450.0,227.93,2.14,3661.54,3661.54,Matched
502012523021670,AIC2029,VTTSO,VIDP,EDDF,1523.0,247.207,2.22,3989.65,4043.57,Not Matched
502012523021670,AICl62,VTJRE,EGLL,VIDP,1441.0,280.0,2.37,4029.9,4063.91,Not Matched
502012523021670,AJC926,VTCIQ,OERK,VIDP,400.0,79.0,1.26,594.72,594.72,Matched
502012523021670,AICl48,VTANJ,LFPG,VIDP,1441.0,227.93,2.14,3638.81,3638.81,Matched
502012523021670,AJC937,VTEXJ,VABB,OEJN,1514.0,79.0,1.26,2251.02,2503.02,Not Matched
502012523021670,AIC991,VTCIO,VIDP,OEJN,1675.0,79.0,1.26,2490.39,2742.39,Not Matched
502012523021670,AIC112,VTJRB,EGLL,VIDP,1441.0,280.0,2.37,4029.9,4063.91,Not Matched
502012523021670,AIC931,VTEXM,VABB,OEJN,1241.0,79.0,1.26,1845.12,2097.12,Not Matched
502012523021670,AIC935,VTTNR,VABB,OEDF,36.0,77.0,1.24,52.68,305.52,Not Matched
502012523021670,AIC992,VTCIP,OEJN,VIDP,1675.0,79.0,1.26,2490.39,,Not Matched
502012523021670,AICl28,VTAEN,EGLL,VABB,1441.0,351.534,2.65,4506.01,,Not Matched
502012523021670,AIC938,VTEXJ,OEJN,VABB,1675.0,79.0,1.26,2490.39,,Not Matched
502012523021670,AJC932,VTEXM,OEJN,VABB,1675.0,79.0,1.26,2490.39,,Not Matched
502012523021670,AIC936,VTTNR,OEDF,VABB,58.0,77.0,1.24,84.87,86.23,Not Matched
502012523021670,AICI03,VTNAC,VIDP,LOWW,,227.93,2.14,,5025.15,Not Matched
502012523021670,AJCl27,VTALU,VIDP,LOWW,1990.0,351.534,2.65,6222.73,6222.73,Matched
502012523021670,AJC2030,VTTSO,EDDF,VIDP,1441.0,247.207,2.22,3774.84,3825.86,Not Matched
502012523021670,AJCI0I,VTJRH,VIDP,IUFK,1990.0,280.0,2.37,5565.23,5612.2,Not Matched
502012523021670,AICJl4,VTANE,EGBB,VIDP,1441.0,227.93,2.14,3638.81,3638.81,Matched
502012523021670,AIC187,VTALX,VIDP,LOWW,,351.534,2.65,,6222.73,Not Matched
502012523021670,AICl46,VTANX,EGKK,YOGA,2064.0,227.93,2.14,5212.01,5212.01,Matched
502012523021670,AICl56,VTANS,EHAM,VIDP,1441.0,227.93,2.14,3638.81,3638.81,Matched
502012523021670,AIC2018,VTTSH,EGLL,VIDP,1441.0,247.207,2.22,3774.84,3825.86,Not Matched
502012523021670,AIC2016,VTTSP,EGLL,VIDP,1441.0,247.207,2.22,3774.84,3825.86,Not Matched
502012523021670,AICll6,VTAEO,KJFK,VABB,1441.0,351.534,2.65,4506.01,4506.01,Matched
502012523021670,AJCl61,VTJRE,VIDP,EGLL,1990.0,280.0,2.37,5565.23,5612.2,Not Matched
502012523021670,AIC\47,VTTSE,VIDP,LFPG,1990.0,247.207,2.22,5213.0,5283.45,Not Matched
502012523021670,AICl29D,VTAEN,VABB,EGLL,2165.0,351.534,2.65,6769.95,6769.96,Matched
502012523021670,AJC922,VTTNQ,OERK,VABB,926.0,77.0,1.24,1354.92,1376.78,Not Matched
502012523021670,AICIII,VTJRB,VIDP,EGLL,1523.0,280.0,2.37,4259.22,4295.16,Not Matched
502012523021670,AJCl88,VTALJ,CYYZ,VIDP,1441.0,351.534,2.65,4506.01,4506.01,Matched
502012523021670,AICl26,VTALT,KORD,VIDP,1441.0,351.534,2.65,4506.01,4506.01,Matched
502012523021670,AIC155,VTALK,VIDP,EHAM,,351.534,2.65,,6222.73,Not Matched
502012523021670,AJCll3,VTANU,VIDP,EGBB,,227.93,2.14,,,Not Matched
502012523021670,AICl45,VTANX,YOGA,EGKK,2165.0,227.93,2.14,5467.06,5467.06,Matched
502012523021670,AICl90,VTALQ,CYYZ,VIDP,1441.0,351.534,2.65,4506.01,4506.01,Matched
502012523021670,AIC2017,VTTSO,VIDP,EGLL,1523.0,247.207,2.22,3989.65,4043.57,Not Matched
502012523021670,AIC2029,VTTSN,VIDP,EDDF,1990.0,247.207,2.22,5213.0,5283.45,Not Matched
502012523021670,AJCl43,VTANE,VIDP,LFPG,1990.0,227.93,2.14,5025.15,5025.15,Matched
502012523021670,AIC\51,VTANS,VIDP,LSZH,1990.0,227.93,2.14,5025.15,5025.15,Matched
502012523021670,AICl62,VTJRE,EGLL,VIDP,1441.0,280.0,2.37,4029.9,4063.91,Not Matched
502012523021670,AJC991,VTTQJ,VIDP,OEJN,1241.0,77.0,1.24,1815.83,2097.12,Not Matched
502012523021670,AIC931,VTEXJ,VABB,OEJN,1514.0,79.0,1.26,2251.02,2503.02,Not Matched
502012523021670,AJC992,VTTQJ,OEJN,VIDP,1675.0,77.0,1.24,2450.86,2490.39,Not Matched
502012523021670,AIC935,VTTNW,VABB,OEDF,36.0,77.0,1.24,52.68,305.52,Not Matched
502012523021670,AIC128,VTAEN,EGLL,VABB,2064.0,351.534,2.65,6454.13,,Not Matched
502012523021670,AJCll2,VTJRB,EGLL,VIDP,1441.0,280.0,2.37,4029.9,4063.91,Not Matched
502012523021670,AIC932,VTEXJ,OEJN,VABB,1675.0,79.0,1.26,2490.39,2490.39,Matched
502012523021670,AIC936,VTTNW,OEDF,VABB,58.0,77.0,1.24,84.87,86.23,Not Matched
502012523021670,AICll9,VTAEO,VABB,KJFK,1885.0,351.534,2.65,5894.4,5894.4,Matched
502012523021670,AIC105,VTJRF,VJDP,KEWR,1990.0,280.0,2.37,5565.23,,Not Matched
502012523021670,AJCl87,VTALN,VIDP,LOWW,1990.0,351.534,2.65,6222.73,6222.73,Matched
502012523021670,AIC\52,VTANS,LSZH,VIDP,1441.0,227.93,2.14,3638.81,3638.81,Matched
502012523021670,AICll8,VTANU,EGBB,VIAR,1441.0,227.93,2.14,3638.81,,Not Matched
502012523021670,AIC2018,VTTSO,EGLL,VIDP,1441.0,247.207,2.22,3774.84,3825.86,Not Matched
502012523021670,AICl44,VTAEP,KEWR,VABB,2031.0,351.534,2.65,6350.94,6350.94,Matched
502012523021670,AICll6,VTAER,KJFK,VABB,1441.0,351.534,2.65,4506.01,4506.01,Matched
502012523021670,AICl30,VTAEM,EGLL,VABB,2064.0,351.534,2.65,6454.13,6454.13,Matched
502012523021670,AIC106,VTJRI,KEWR,VIDP,1441.0,280.0,2.37,4029.9,4063.91,Not Matched
502012523021670,AICI02,VTJRH,KJFK,VIDP,1441.0,280.0,2.37,4029.9,4063.91,Not Matched
502012523021670,AIC921,VTRTS,VABB,OERK,389.0,79.0,1.26,578.37,830.37,Not Matched
502012523021670,AICl58,VTNAA,EKCH,VIDP,1441.0,227.93,2.14,3638.81,3638.81,Matched
502012523021670,AICl60,VTANX,EGKK,VAAH,1441.0,227.93,2.14,3638.81,3638.81,Matched
502012523021670,AIC161D,VTJRE,VIDP,EGLL,1990.0,280.0,2.37,5565.23,5612.2,Not Matched
502012523021670,AICl29D,VTAEN,VABB,EGLL,2165.0,351.534,2.65,6769.95,6769.96,Matched
502012523021670,AIC922,VTRTS,OERK,VABB,926.0,79.0,1.26,1376.78,1376.78,Matched
502012523021670,AIC2027,VTTSQ,VABB,EDDF,2165.0,252.65,2.25,5748.07,5748.08,Matched
502012523021670,AICll7,VTANP,VIAR,EGBB,1990.0,227.93,2.14,5025.15,5025.15,Matched
502012523021670,AICl33,VTANA,VOBL,EGLL,2059.0,227.93,2.14,5199.39,5199.39,Matched
502012523021670,AJCl51,VTANK,VIDP,LSZH,1990.0,227.93,2.14,5025.15,5025.15,Matched
502012523021670,AICl43,VTANE,VIDP,LFPG,1990.0,227.93,2.14,5025.15,5025.15,Matched
502012523021670,AIC131,VTAEP,VABB,EGLL,2059.0,351.534,2.65,6438.49,6438.49,Matched
502012523021670,AIC2017,VTTSN,VIDP,EGLL,1885.0,247.207,2.22,4937.95,5004.68,Not Matched
502012523021670,AIC2015,VTTSO,VIDP,EGLL,1990.0,247.207,2.22,5213.0,5283.45,Not Matched
502012523021670,AIC2029,VTTSH,VIDP,EDDF,1885.0,247.207,2.22,4937.95,5004.68,Not Matched
502012523021670,AICll35,VTALM,VIDP,LTFJ,2165.0,351.534,2.65,6769.95,6769.96,Matched
502012523021670,AIC925,VTEXN,VIDP,OERK,760.0,79.0,1.26,1129.97,,Not Matched
502012523021670,AJCl37,VTNAA,VIDP,LIMC,1990.0,227.93,2.14,5025.15,5025.15,Matched
502012523021670,AIC926,VTEXN,OERK,VIDP,400.0,79.0,1.26,594.72,594.72,Matched
502012523021670,AIC2026,VTTSP,EDDF,VIDP,1441.0,247.207,2.22,3774.84,3825.86,Not Matched
502012523021670,AJC931,VTCIN,VABB,OEJN,1514.0,79.0,1.26,2251.02,2503.02,Not Matched
502012523021670,AIC992,VTCIO,OEJN,VIDP,1675.0,79.0,1.26,2490.39,2490.39,Matched
502012523021670,AJC935,VTRTS,VABB,OEDF,36.0,79.0,1.26,53.52,305.52,Not Matched
502012523021670,AICl28,VTAEN,EGLL,VABB,2031.0,351.534,2.65,6350.94,6350.94,Matched
502012523021670,AIC938,VTTQL,OEJN,VABB,,77.0,1.24,,2490.39,Not Matched
502012523021670,AIC932,VTCIN,OEJN,VABB,1675.0,79.0,1.26,2490.39,2490.39,Matched
502012523021670,AIC936,VTRTS,OEDF,VABB,58.0,79.0,1.26,86.23,86.23,Matched
502012523021670,AICll2,VTJRB,EGLL,VIDP,1441.0,280.0,2.37,4029.9,4063.91,Not Matched
502012523021670,AICl91,VTAEM,VABB,KEWR,2165.0,351.534,2.65,6769.95,6769.96,Matched
502012523021670,AIC119,VTAER,VABB,KJFK,1990.0,351.534,2.65,6222.73,,Not Matched
502012523021670,AJC2028,VTTSQ,EDDF,VAB8,1441.0,252.65,2.25,3825.86,3825.86,Matched
502012523021670,AIC\52,VTANK,LSZH,VIDP,1441.0,227.93,2.14,3638.81,3638.81,Matched
502012523021670,AIC2030,VTTSH,EDDF,VIDP,1441.0,247.207,2.22,3774.84,3825.86,Not Matched
502012523021670,AJCI0I,VTJRJ,VIDP,KJFK,1990.0,,,,5612.2,Not Matched
502012523021670,AICl29,VTALR,VABB,EGLL,2165.0,351.534,2.65,6769.95,6769.96,Matched
502012523021670,AJC138,VTNAA,LJMC,VIDP,1441.0,227.93,2.14,3638.81,3638.81,Matched
502012523021670,AIC2016,VTTSO,EGLL,VIDP,1441.0,247.207,2.22,3774.84,3825.86,Not Matched
502012523021670,AIC116,VTAEO,KJFK,VABB,1441.0,351.534,2.65,4506.01,4506.01,Matched
502012523021670,AICl32,VTANA,EGLL,VOBL,1441.0,227.93,2.14,3638.81,,Not Matched
502012523021670,AIC921,VTEXM,VABB,OERK,760.0,79.0,1.26,1129.97,1381.97,Not Matched
502012523021670,AIC2018,VTTSN,EGLL,VIDP,1441.0,247.207,2.22,3774.84,3825.86,Not Matched
502012523021670,AICl30,VTAEP,EGLL,VABB,2064.0,351.534,2.65,6454.13,,Not Matched
502012523021670,AIC106,VTJRF,KEWR,VIDP,1441.0,280.0,2.37,4029.9,4063.91,Not Matched
502012523021670,AJCI02,VTJRA,KJFK,VIDP,1441.0,280.0,2.37,4029.9,4063.91,Not Matched
502012523021670,AIC2025,VTTSP,VlDP,EDDF,1990.0,247.207,2.22,5213.0,5283.45,Not Matched
502012523021670,AICl88,VTALN,CYYZ,VIDP,1441.0,351.534,2.65,4506.01,4506.01,Matched
502012523021670,AJC922,VTEXM,OERK,VABB,926.0,79.0,1.26,1376.78,1376.78,Matched
502012523021670,AJC2027,VTTSQ,VABB,EDDF,2165.0,252.65,2.25,5748.07,5748.08,Matched
502012523021670,AJCl55,VTALK,VIDP,EHAM,1990.0,351.534,2.65,6222.73,6222.73,Matched
502012523021670,AICl31,VTAEN,VABB,EGLL,2165.0,351.534,2.65,6769.95,6769.96,Matched
502012523021670,AIC137,VTTSE,VlDP,LIMC,,247.207,2.22,,5283.45,Not Matched
502012523021670,AICl53,VTANK,VIDP,LOWW,1885.0,227.93,2.14,4760.0,4760.0,Matched
502012523021670,AICl57,VTANL,VIDP,EKCH,1885.0,227.93,2.14,4760.0,4760.0,Matched
502012523021670,AICl33,VTANA,VOBL,EGLL,2059.0,227.93,2.14,5199.39,,Not Matched
502012523021670,AIC2017,VTTSH,VIDP,EGLL,1885.0,247.207,2.22,4937.95,5004.68,Not Matched
502012523021670,AIC925,VTCIG,VlDP,OERK,760.0,79.0,1.26,1129.97,,Not Matched
502012523021670,AJCl62,VTJRJ,EGLL,VIDP,2064.0,,,,5820.89,Not Matched
502012523021670,AIC926,VTCIG,OERK,VIDP,926.0,79.0,1.26,1376.78,1376.78,Matched
502012523021670,AIC992,VTCID,OEJN,VIDP,1675.0,79.0,1.26,2490.39,2490.39,Matched
502012523021670,AJC935,VTCIM,VABB,OEDF,36.0,79.0,1.26,53.52,305.52,Not Matched
502012523021670,AJC112,VTJRE,EGLL,VIDP,1441.0,280.0,2.37,4029.9,4063.91,Not Matched
502012523021670,AJC932,VTEXJ,OEJN,VABB,1675.0,79.0,1.26,2490.39,2490.39,Matched
502012523021670,AIC2026,VTTSP,EDDF,VIDP,1441.0,247.207,2.22,3774.84,3825.86,Not Matched
502012523021670,AIC1137,VTAEQ,VlDP,LTBA,,351.534,2.65,,4762.42,Not Matched
502012523021670,AIC936,VTCIM,OEDF,VABB,58.0,79.0,1.26,86.23,86.23,Matched
502012523021670,AICll9,VTAEP,VABB,KJFK,2165.0,351.534,2.65,6769.95,6769.96,Matched
502012523021670,AIC2028,VTTSQ,EDDF,VABB,1441.0,252.65,2.25,3825.86,3825.86,Matched
502012523021670,AICI05,VTJRA,VIDP,KEWR,1990.0,280.0,2.37,5565.23,5612.2,Not Matched
502012523021670,AIC103,VTNAC,VlDP,LOWW,1990.0,227.93,2.14,5025.15,,Not Matched
502012523021670,AJCl87,VTALN,VIDP,LOWW,1885.0,351.534,2.65,5894.4,5894.4,Matched
502012523021670,AIC\61,VTJRB,VlDP,EGLL,1990.0,280.0,2.37,5565.23,5612.2,Not Matched
502012523021670,AICll6,VTAER,KJFK,VABB,1441.0,351.534,2.65,4506.01,4506.01,Matched
502012523021670,AJCl38,VTTSE,LIMC,VIDP,1441.0,247.207,2.22,3774.84,3825.86,Not Matched
502012523021670,AICl29,VTAEO,VABB,EGLL,2165.0,351.534,2.65,6769.95,6769.96,Matched
502012523021670,AJCl58,VTNAA,EKCH,VIDP,1441.0,227.93,2.14,3638.81,3638.81,Matched
502012523021670,AICl27,VTALX,VIDP,LOWW,1990.0,351.534,2.65,6222.73,6222.73,Matched
502012523021670,AIC144,VTAEM,KEWR,VABB,1441.0,351.534,2.65,4506.01,4506.01,Matched
502012523021670,AIC921,VTEXM,VABB,OERK,760.0,79.0,1.26,1129.97,1381.97,Not Matched
502012523021670,AIC2018,VTTSH,EGLL,VIDP,1441.0,247.207,2.22,3774.84,3825.86,Not Matched
502012523021670,AICl32,VTANA,EGLL,VOBL,1441.0,227.93,2.14,3638.81,3638.81,Matched
502012523021670,AICl47,VTANS,VIDP,LFPG,1990.0,227.93,2.14,5025.15,5025.15,Matched
502012523021670,AICIII,VTJRI,VIDP,EGLL,1990.0,280.0,2.37,5565.23,5612.2,Not Matched
502012523021670,AJC922,VTEXM,OERK,VABB,926.0,79.0,1.26,1376.78,,Not Matched
502012523021670,AIC\88,VTALO,CYYZ,VIDP,1441.0,351.534,2.65,4506.01,4506.01,Matched
502012523021670,AICl55,VTALU,VIDP,EHAM,,351.534,2.65,,6222.73,Not Matched
502012523021670,AJCl43,VTAND,VIDP,LFPG,1990.0,227.93,2.14,5025.15,5025.15,Matched
502012523021670,AICl51,VTANU,VIDP,LSZH,1990.0,227.93,2.14,5025.15,5025.15,Matched
502012523021670,AJC2017,VTTSP,VIDP,EGLL,1990.0,247.207,2.22,5213.0,5283.45,Not Matched
502012523021670,AICl33,VTANG,VOBL,EGLL,2187.0,227.93,2.14,5522.61,5522.61,Matched
502012523021670,AIC157,VTANX,VIDP,EKCH,,227.93,2.14,,,Not Matched
502012523021670,AIC2029,VTTSO,VIDP,EDDF,,247.207,2.22,,5283.45,Not Matched
502012523021670,AICl31,VTAEM,VABB,EGLL,2165.0,351.534,2.65,6769.95,6769.96,Matched
502012523021670,AICl62,VTJRB,EGLL,VIDP,1441.0,280.0,2.37,4029.9,4063.91,Not Matched
502012523021670,AICl48,VTANS,LFPG,VIDP,2064.0,227.93,2.14,5212.01,5212.01,Matched
502012523021670,AIC128,VTAEO,EGLL,VABB,2064.0,351.534,2.65,6454.13,,Not Matched
502012523021670,AJC991,VTCIG,VIDP,OEJN,1514.0,79.0,1.26,2251.02,2503.02,Not Matched
502012523021670,AJCll2,VTJRI,EGLL,VIDP,2064.0,280.0,2.37,5772.18,5820.89,Not Matched
502012523021670,AICl87,VTALK,VIDP,LOWW,,351.534,2.65,,6222.73,Not Matched
502012523021670,AJCl91,VTALR,VABB,KEIVR,1990.0,351.534,2.65,6222.73,6222.73,Matched
502012523021670,AICI03,VTNAA,VIDP,LOWW,1885.0,227.93,2.14,4760.0,4760.0,Matched
502012523021670,AIC119,VTAEO,VABB,IUFK,1990.0,351.534,2.65,6222.73,6222.73,Matched
502012523021670,AICll38,VTALP,LTBA,VIDP,2064.0,351.534,2.65,6454.13,6454.13,Matched
502012523021670,AIC127,VTALJ,VIDP,LOWW,,351.534,2.65,,5894.4,Not Matched
502012523021670,AICl61,VTJRB,VIDP,EGLL,1885.0,280.0,2.37,5271.59,5316.08,Not Matched
502012523021670,AIC2028,VTTSQ,EDDF,VABB,2064.0,252.65,2.25,5479.92,5479.92,Matched
502012523021670,AICl42,VTAND,LFPG,VIDP,2064.0,227.93,2.14,5212.01,5212.01,Matched
502012523021670,AICl56,VTALU,EHAM,VIDP,2064.0,351.534,2.65,6454.13,6454.13,Matched
502012523021670,AIC152,VTANU,LSZH,VIDP,2064.0,227.93,2.14,5212.01,5212.01,Matched
502012523021670,AJC2030,VTTSO,EDDF,VIDP,2064.0,247.207,2.22,5406.85,5479.92,Not Matched
502012523021670,AIC\58,VTANX,EKCH,VIDP,2064.0,227.93,2.14,5212.01,5212.01,Matched
502012523021670,AIC921,VTEXN,VABB,DERK,760.0,79.0,1.26,1129.97,1381.97,Not Matched
502012523021670,AJCl32,VTANG,EGLL,VOBL,2109.0,227.93,2.14,5325.65,5325.65,Matched
502012523021670,AJC2025,VTTSN,VIDP,EDDF,1885.0,247.207,2.22,4937.95,5004.68,Not Matched
502012523021670,AJCIII,VTJRH,VIDP,EGLL,1990.0,280.0,2.37,5565.23,5612.2,Not Matched
502012523021670,AICl47D,VTANN,VIDP,LFPG,1990.0,227.93,2.14,5025.15,5025.15,Matched
502012523021670,AIC922,VTEXN,DERK,VABB,400.0,79.0,1.26,594.72,594.72,Matched
502012523021670,AICl88,VTALN,CYYZ,VIDP,2064.0,351.534,2.65,6454.13,,Not Matched
502012523021670,AIC2027,VTTSQ,VABB,EDDF,2059.0,252.65,2.25,5466.65,5466.65,Matched
502012523021670,AICll3,VTANS,VIDP,EGBB,1990.0,227.93,2.14,5025.15,5025.15,Matched
502012523021670,AICI02,VTJRF,KJFK,VIDP,2064.0,280.0,2.37,5772.18,5820.89,Not Matched
502012523021670,AIC155,VTALU,VIDP,EHAM,1885.0,351.534,2.65,5894.4,5894.4,Matched
502012523021670,AJCl31,VTAEM,VABB,EGLL,2059.0,351.534,2.65,6438.49,6438.49,Matched
502012523021670,AIC\33,VTANE,VOBL,EGLL,2059.0,227.93,2.14,5199.39,5199.39,Matched
502012523021670,AICl59,VTANQ,VAAH,EGKK,,227.93,2.14,,4760.0,Not Matched
502012523021670,AJCl37,VTANI,VIDP,LIMC,1885.0,227.93,2.14,4760.0,4760.0,Matched
502012523021670,AICl62,VTJRB,EGLL,VIDP,2064.0,280.0,2.37,5772.18,5820.89,Not Matched
502012523021670,AJC2026,VTTSN,EDDF,VIDP,2064.0,247.207,2.22,5406.85,5479.92,Not Matched
502012523021670,AICll6,VTAEO,KJFK,VABB,2064.0,351.534,2.65,6454.13,6454.13,Matched
502012523021670,AIC991,VTCIN,VIDP,OEJN,,79.0,1.26,,2742.39,Not Matched
502012523021670,AJCll2,VTJRH,EGLL,VIDP,2064.0,280.0,2.37,5772.18,5820.89,Not Matched
502012523021670,AICl48,VTANN,LFPG,VIDP,2064.0,227.93,2.14,5212.01,5212.01,Matched
502012523021670,AIC992,VTCIN,OEJN,VIDP,1675.0,79.0,1.26,2490.39,,Not Matched
502012523021670,AIC935,VTEXN,VABB,OEDF,36.0,79.0,1.26,53.52,305.52,Not Matched
502012523021670,AIC931,VTTVJ,VABB,OEJN,1514.0,97.0,1.39,2483.26,2761.26,Not Matched
502012523021670,AJC932,VTTVJ,OEJN,VABB,1675.0,97.0,1.39,2747.34,2747.34,Matched
502012523021670,AIC936,VTEXN,OEDF,VABB,61.0,79.0,1.26,90.69,90.69,Matched
502012523021670,AICl52,VTAND,LSZH,VIDP,2064.0,227.93,2.14,5212.01,5212.01,Matched
502012523021670,AIC2030,VTTSO,EDDF,VIDP,2064.0,247.207,2.22,5406.85,5479.92,Not Matched
502012523021670,AICl56,VTALU,EHAM,VIDP,2064.0,351.534,2.65,6454.13,6454.13,Matched
502012523021670,AIC118,VTANS,EGBB,VIAR,2064.0,227.93,2.14,5212.01,5212.01,Matched
502012523021670,AICI0I,VTJRA,VIDP,KJFK,1990.0,280.0,2.37,5565.23,5612.2,Not Matched
502012523021670,AIC130,VTAEM,EGLL,VABB,2064.0,351.534,2.65,6454.13,,Not Matched
502012523021670,AICl61,VTJRB,VIDP,EGLL,,280.0,2.37,,5612.2,Not Matched
502012523021670,AICl38,VTANH,LIMC,VIDP,2064.0,227.93,2.14,5212.01,5212.01,Matched
502012523021670,AICl60,VTANQ,EGKK,VAAH,2064.0,227.93,2.14,5212.01,5212.01,Matched
502012523021670,AICl44,VTALR,KEWR,VABB,2064.0,351.534,2.65,6454.13,6454.13,Matched
502012523021670,AIC2018,VTTSP,EGLL,VIDP,2064.0,247.207,2.22,5406.85,,Not Matched
502012523021670,AJCl32,VTANE,EGLL,VOBL,2109.0,227.93,2.14,5325.65,5325.65,Matched
502012523021670,AIC\47,VTANY,VIDP,LFPG,1990.0,227.93,2.14,5025.15,5025.15,Matched
502012523021670,AICl88,VTALK,CYYZ,VIDP,2064.0,351.534,2.65,6454.13,6454.13,Matched
502012523021670,AJC922,VTTNU,OERK,VABB,400.0,77.0,1.24,585.28,594.72,Not Matched
502012523021670,AICI04,VTNAC,KJAD,VIDP,2064.0,227.93,2.14,5212.01,5212.01,Matched
502012523021670,AJCl26,VTALX,KORD,VIDP,2064.0,351.534,2.65,6454.13,6454.13,Matched
502012523021670,AIC2027,VTTSQ,VABB,EDDF,2165.0,252.65,2.25,5748.07,5748.08,Matched
502012523021670,AIC117,VTANT,VIAR,EGBB,,227.93,2.14,,,Not Matched
502012523021670,AICl59,VTANG,VAAH,EGKK,,227.93,2.14,,,Not Matched
502012523021670,AIC2029,VTTSE,VIDP,EDDF,1990.0,247.207,2.22,5213.0,5283.45,Not Matched
502012523021670,AICl55,VTALP,VIDP,EHAM,1990.0,351.534,2.65,6222.73,6222.73,Matched
502012523021670,AICl53,VTAND,VIDP,LOWW,1523.0,227.93,2.14,3845.88,3845.88,Matched
502012523021670,AIC2017,VTTSO,VIDP,EGLL,1990.0,247.207,2.22,5213.0,5283.45,Not Matched
502012523021670,AJC2015,VTTSH,VIDP,EGLL,1990.0,247.207,2.22,5213.0,5283.45,Not Matched
502012523021670,AIC\31,VTAEO,VABB,EGLL,1523.0,351.534,2.65,4762.42,4762.42,Matched
502012523021670,AIC937,VTTNW,VABB,OEJN,1514.0,77.0,1.24,2215.28,2503.02,Not Matched
502012523021670,AJCl48,VTANY,LFPG,VIDP,1441.0,227.93,2.14,3638.81,3638.81,Matched
502012523021670,AIC991,VTCIN,VIDP,OEJN,1514.0,79.0,1.26,2251.02,2503.02,Not Matched
502012523021670,AJCl28,VTAER,EGLL,VABB,2064.0,351.534,2.65,6454.13,6454.13,Matched
502012523021670,AICll2,VTJRF,EGLL,VIDP,2064.0,280.0,2.37,5772.18,5820.89,Not Matched
502012523021670,AIC931,VTCIQ,VABB,OEJN,1514.0,79.0,1.26,2251.02,2503.02,Not Matched
502012523021670,AIC992,VTCIN,OEJN,VIDP,1675.0,79.0,1.26,2490.39,2490.39,Matched
502012523021670,AIC935,VTTNU,VABB,OEDF,36.0,77.0,1.24,52.68,305.52,Not Matched
502012523021670,AIC938,VTTNW,OEJN,VABB,1675.0,77.0,1.24,2450.86,,Not Matched
502012523021670,AIC932,VTCIQ,OEJN,VABB,1675.0,79.0,1.26,2490.39,,Not Matched
502012523021670,AIC936,VTTNU,OEDF,VABB,61.0,77.0,1.24,89.26,90.69,Not Matched
502012523021670,AJCl91,VTALR,VABB,KEWR,2165.0,351.534,2.65,6769.95,6769.96,Matched
502012523021670,AJCll9,VTAEM,VABB,KJFK,2165.0,351.534,2.65,6769.95,6769.96,Matched
502012523021670,AIC2028,VTTSE,EDDF,VABB,1441.0,247.207,2.22,3774.84,3825.86,Not Matched
502012523021670,AJCI05,VTJRE,VIDP,KEIVR,1990.0,280.0,2.37,5565.23,5612.2,Not Matched
502012523021670,AICl60,VTANG,EGKK,VAAJ-l,1441.0,227.93,2.14,3638.81,3638.81,Matched
502012523021670,AJCI0I,VTJRH,VIDP,IUFK,1990.0,280.0,2.37,5565.23,5612.2,Not Matched
502012523021670,AICl56,VTALP,EHAM,VIDP,2064.0,351.534,2.65,6454.13,6454.13,Matched
502012523021670,AIC114,VTANT,EGBB,VIDP,1441.0,227.93,2.14,3638.81,,Not Matched
502012523021670,AICl42,VTANV,LFPG,VIDP,1441.0,227.93,2.14,3638.81,,Not Matched
502012523021670,AICll6,VTAEP,KJFK,VABB,2064.0,351.534,2.65,6454.13,6454.13,Matched
502012523021670,AICl30,VTAEO,EGLL,VABB,1441.0,351.534,2.65,4506.01,4506.01,Matched
502012523021670,AIC2018,VTTSO,EGLL,VIDP,2064.0,247.207,2.22,5406.85,5479.92,Not Matched
502012523021670,AIC106,VTJRI,KEWR,VIDP,2064.0,280.0,2.37,5772.18,5820.89,Not Matched
502012523021670,AJC2016,VTTSH,EGLL,VIDP,2064.0,247.207,2.22,5406.85,5479.92,Not Matched
502012523021670,AICl47,VTANQ,VIDP,LFPG,1990.0,227.93,2.14,5025.15,5025.15,Matched
502012523021670,AICl29D,VTAER,VABB,EGLL,1523.0,351.534,2.65,4762.42,4762.42,Matched
502012523021670,AJC922,VTTNQ,OERK,VABB,926.0,77.0,1.24,1354.92,1376.78,Not Matched
502012523021670,AJC113,VTANH,VIDP,EGBB,1990.0,227.93,2.14,5025.15,5025.15,Matched
502012523021670,AJC131,VTAEO,VABB,EGLL,2165.0,351.534,2.65,6769.95,6769.96,Matched
502012523021670,AICl55,VTALX,VIDP,EHAM,1990.0,351.534,2.65,6222.73,6222.73,Matched
502012523021670,AIC143,VTANY,VIDP,LFPG,,227.93,2.14,,,Not Matched
502012523021670,AICl57,VTANE,VIDP,EKCH,,227.93,2.14,,,Not Matched
502012523021670,AICl51,VTANV,VIDP,LSZH,1990.0,227.93,2.14,5025.15,5025.15,Matched
502012523021670,AIC2029,VTTSN,VIDP,EDDF,1523.0,247.207,2.22,3989.65,4043.57,Not Matched
502012523021670,AIC2017,VTTSO,VIDP,EGLL,1990.0,247.207,2.22,5213.0,5283.45,Not Matched
502012523021670,AIC2026,VTTSP,EDDF,VIDP,2064.0,247.207,2.22,5406.85,,Not Matched
502012523021670,AJCl48,VTANQ,LFPG,VIDP,1441.0,227.93,2.14,3638.81,3638.81,Matched
502012523021670,AIC\62,VTJRB,EGLL,VIDP,2064.0,280.0,2.37,5772.18,5820.89,Not Matched
502012523021670,AIC931,VTCIQ,VABB,OEJN,1514.0,79.0,1.26,2251.02,2503.02,Not Matched
502012523021670,AJC935,VTTNB,VABB,OEDF,36.0,73.5,1.22,51.83,305.52,Not Matched
502012523021670,AIC932,VTCIQ,OEJN,VABB,1675.0,79.0,1.26,2490.39,2490.39,Matched
502012523021670,AJC936,VTTNB,OEDF,VABB,58.0,73.5,1.22,83.5,86.23,Not Matched
502012523021670,AICl87D,VTALX,VIDP,LOWW,1990.0,351.534,2.65,6222.73,6222.73,Matched
502012523021670,AIC105,VTJRF,VlDP,KEWR,,280.0,2.37,,5612.2,Not Matched
502012523021670,AICl42,VTANY,LFPG,VIDP,1441.0,227.93,2.14,3638.81,,Not Matched
502012523021670,AICl52,VTANV,LSZH,VIDP,2064.0,227.93,2.14,5212.01,5212.01,Matched
502012523021670,AICl61,VTJRI,VIDP,EGLL,1990.0,280.0,2.37,5565.23,5612.2,Not Matched
502012523021670,AIC2030,VTTSN,EDDF,VIDP,1441.0,247.207,2.22,3774.84,3825.86,Not Matched
502012523021670,AIC187,VTALU,VlDP,LOWW,1523.0,351.534,2.65,4762.42,4762.42,Matched
502012523021670,AJCl58,VTANE,EKCH,VIDP,1441.0,227.93,2.14,3638.81,3638.81,Matched
502012523021670,AICI0I,VTJRA,VIDP,KJFK,1990.0,280.0,2.37,5565.23,5612.2,Not Matched
502012523021670,AIC2018,VTTSO,EGLL,VIDP,2064.0,247.207,2.22,5406.85,5479.92,Not Matched
502012523021670,AJCl44,VTALR,KEWR,VABB,2064.0,351.534,2.65,6454.13,6454.13,Matched
502012523021670,AICI06,VTJRE,KEWR,VIDP,2064.0,280.0,2.37,5772.18,5820.89,Not Matched
502012523021670,AJCI04D,VTNAA,KJAD,VIDP,2064.0,227.93,2.14,5212.01,5212.01,Matched
502012523021670,AICl29,VTAER,VABB,EGLL,2165.0,351.534,2.65,6769.95,6769.96,Matched
502012523021670,AIC921,VTTNY,VABB,OERK,760.0,77.0,1.24,1112.03,1381.97,Not Matched
502012523021670,AIC2025,VTTSP,VIDP,EDDF,,247.207,2.22,,5283.45,Not Matched
502012523021670,AICl47,VTANK,VIDP,LFPG,1990.0,227.93,2.14,5025.15,5025.15,Matched
502012523021670,AICIII,VTJRB,VIDP,EGLL,1990.0,280.0,2.37,5565.23,5612.2,Not Matched
502012523021670,AIC922,VTTNV,OERK,VABB,926.0,77.0,1.24,1354.92,1376.78,Not Matched
502012523021670,AIC104,VTANS,KIAD,VIDP,2064.0,227.93,2.14,5212.01,5212.01,Matched
502012523021670,AICI02,VTJRH,KJFK,VIDP,2064.0,280.0,2.37,5772.18,5820.89,Not Matched
502012523021670,AICl19D,VTAEI,VABB,KJFK,2165.0,347.451,2.63,6718.86,6769.96,Not Matched
502012523021670,AICl26,VTALT,KORD,VIDP,2064.0,351.534,2.65,6454.13,6454.13,Matched
502012523021670,AIC2027,VTTSQ,VAB8,EDDF,2165.0,252.65,2.25,5748.07,5748.08,Matched
502012523021670,AICl59,VTAND,VAAl-1,EGKK,1990.0,227.93,2.14,5025.15,5025.15,Matched
502012523021670,AIC2017,VTTSN,VIDP,EGLL,,247.207,2.22,,5283.45,Not Matched
502012523021670,AJCl37,VTANY,VIDP,LIMC,1990.0,227.93,2.14,5025.15,5025.15,Matched
502012523021670,AICl51,VTANG,VIDP,LSZH,1990.0,227.93,2.14,5025.15,5025.15,Matched
502012523021670,AJCl31,VTAEM,VABB,EGLL,2165.0,351.534,2.65,6769.95,6769.96,Matched
502012523021670,AICll7,VTANQ,VIAR,EGBB,1990.0,227.93,2.14,5025.15,5025.15,Matched
502012523021670,AIC2015,VTTSO,VIDP,EGLL,,247.207,2.22,,5283.45,Not Matched
502012523021670,AIC925,VTEXM,VIDP,OERK,760.0,79.0,1.26,1129.97,1381.97,Not Matched
502012523021670,AICl33,VTNAC,VOBL,EGLL,2187.0,227.93,2.14,5522.61,5522.61,Matched
502012523021670,AICl62,VTJRI,EGLL,VIDP,2064.0,280.0,2.37,5772.18,5820.89,Not Matched
502012523021670,AIC2029,VTNAA,VIDP,EDDF,1990.0,227.93,2.14,5025.15,5025.15,Matched
502012523021670,AIC2026,VTTSP,EDDF,VIDP,1441.0,247.207,2.22,3774.84,3825.86,Not Matched
502012523021670,AJC926,VTEXM,OERK,VIDP,400.0,79.0,1.26,594.72,594.72,Matched
502012523021670,AICl48,VTANK,LFPG,VIDP,1441.0,227.93,2.14,3638.81,3638.81,Matched
502012523021670,AICll2,VTJRB,EGLL,VIDP,2064.0,280.0,2.37,5772.18,5820.89,Not Matched
502012523021670,AJC992,VTCIM,OEJN,VIDP,1675.0,79.0,1.26,2490.39,2490.39,Matched
502012523021670,AIC935,VTTNU,VABB,OEDF,36.0,77.0,1.24,52.68,305.52,Not Matched
502012523021670,AJC938,VTTNV,OEJN,VABB,1675.0,77.0,1.24,2450.86,2490.39,Not Matched
502012523021670,AIC932,VTCIQ,OEJN,VABB,1675.0,79.0,1.26,2490.39,2490.39,Matched
502012523021670,AIC936,VTTNU,OEDF,VABB,58.0,77.0,1.24,84.87,86.23,Not Matched
502012523021670,AICl91,VTAEP,VABB,KEWR,2165.0,351.534,2.65,6769.95,6769.96,Matched
502012523021670,AICll9,VTAEN,VABB,KJFK,1990.0,351.534,2.65,6222.73,6222.73,Matched
502012523021670,AIC2028,VTTSQ,EDDF,VABB,1441.0,252.65,2.25,3825.86,3825.86,Matched
502012523021670,AICl87,VTALO,VIDP,LOWW,1990.0,351.534,2.65,6222.73,6222.73,Matched
502012523021670,AIC152,VTANG,LSZH,VIDP,1441.0,227.93,2.14,3638.81,,Not Matched
502012523021670,AJCl61,VTJRE,VIDP,EGLL,1990.0,280.0,2.37,5565.23,5612.2,Not Matched
502012523021670,AIC\42,VTANV,LFPG,VIDP,1441.0,227.93,2.14,3638.81,3638.81,Matched
502012523021670,AICl30,VTAEM,EGLL,VABB,2064.0,351.534,2.65,6454.13,6454.13,Matched
502012523021670,AJC921,VTTNQ,VABB,OERK,389.0,77.0,1.24,569.18,830.37,Not Matched
502012523021670,AICI06,VTJRF,KEWR,VIDP,2064.0,280.0,2.37,5772.18,5820.89,Not Matched
502012523021670,AJC2016,VTTSO,EGLL,VIDP,1441.0,247.207,2.22,3774.84,3825.86,Not Matched
502012523021670,AIC2025,VTTSP,VIDP,EDDF,1990.0,247.207,2.22,5213.0,5283.45,Not Matched
502012523021670,AIC147,VTANK,VlDP,LFPG,,227.93,2.14,,,Not Matched
502012523021670,AICl60,VTAND,EGKK,VAAH,1441.0,227.93,2.14,3638.81,,Not Matched
502012523021670,AICll4,VTANQ,EGBB,VIDP,1441.0,227.93,2.14,3638.81,3638.81,Matched
502012523021670,AICI02,VTJRA,KJFK,VIDP,2064.0,280.0,2.37,5772.18,5820.89,Not Matched
502012523021670,AIC922,VTTNQ,OERK,VABB,393.0,77.0,1.24,575.04,584.31,Not Matched
502012523021670,AICIII,VTJRI,VlDP,EGLL,1990.0,280.0,2.37,5565.23,5612.2,Not Matched
502012523021670,AJCl88,VTALX,CYYZ,VIDP,2064.0,351.534,2.65,6454.13,,Not Matched
502012523021670,AIC2027,VTTSQ,VABB,EDDF,2165.0,252.65,2.25,5748.07,5748.08,Matched
502012523021670,AIC2017,VTTSE,VIDP,EGLL,,247.207,2.22,,5283.45,Not Matched
502012523021670,AICl32D,VTNAC,EGLL,VOBL,1480.0,227.93,2.14,3737.3,3737.3,Matched
502012523021670,AICl57,VTANG,VIDP,EKCH,1990.0,227.93,2.14,5025.15,5025.15,Matched
502012523021670,AJCl53,VTTSN,VIDP,LOWW,1990.0,247.207,2.22,5213.0,5283.45,Not Matched
502012523021670,AIC2029,VTTSH,VIDP,EDDF,1990.0,247.207,2.22,5213.0,5283.45,Not Matched
502012523021670,AIC151,VTANT,VIDP,LSZH,,227.93,2.14,,,Not Matched
502012523021670,AIC2030,VTNAA,EDDF,VIDP,2064.0,227.93,2.14,5212.01,5212.01,Matched
502012523021670,AICl37,VTANV,VIDP,LIMC,1990.0,227.93,2.14,5025.15,5025.15,Matched
502012523021670,AIC925,VTEXO,VIDP,OERK,760.0,79.0,1.26,1129.97,,Not Matched
502012523021670,AICl62,VTJRE,EGLL,VIDP,2064.0,280.0,2.37,5772.18,5820.89,Not Matched
502012523021670,AIC926,VTEXO,OERK,VIDP,400.0,79.0,1.26,594.72,594.72,Matched
502012523021670,AJC2026,VTTSP,EDDF,VIDP,1441.0,247.207,2.22,3774.84,3825.86,Not Matched
502012523021670,AICl48,VTANK,LFPG,VIDP,1441.0,227.93,2.14,3638.81,3638.81,Matched
502012523021670,AIC935,VTTNQ,VABB,OEDF,36.0,77.0,1.24,52.68,305.52,Not Matched
502012523021670,AJC936,VTTNQ,OEDF,VABB,58.0,77.0,1.24,84.87,86.23,Not Matched
502012523021670,AICl33D,VTNAC,VOBL,EGLL,2165.0,227.93,2.14,5467.06,5467.06,Matched
502012523021670,AICll9,VTAEM,VABB,IUFK,2165.0,351.534,2.65,6769.95,6769.96,Matched
502012523021670,AICl03,VTANY,VIDP,LOWW,1990.0,227.93,2.14,5025.15,5025.15,Matched
502012523021670,AIC105,VTJRF,VlDP,KEWR,,280.0,2.37,,5612.2,Not Matched
502012523021670,AICl27,VTALX,VIDP,LOWW,,351.534,2.65,,6222.73,Not Matched
502012523021670,AICl87,VTALK,VIDP,LOWW,1990.0,351.534,2.65,6222.73,6222.73,Matched
502012523021670,AIC931,VTCIN,VABB,OEJN,1514.0,79.0,1.26,2251.02,2503.02,Not Matched
502012523021670,AICl54,VTTSN,LOWW,VIDP,1441.0,247.207,2.22,3774.84,3825.86,Not Matched
502012523021670,AIC2028,VTTSQ,EDDF,VABB,1441.0,252.65,2.25,3825.86,3825.86,Matched
502012523021670,AJCl52,VTANT,LSZH,VIDP,1441.0,227.93,2.14,3638.81,3638.81,Matched
502012523021670,AIC\61,VTJRA,VIDP,EGLL,1990.0,280.0,2.37,5565.23,5612.2,Not Matched
502012523021670,AICl58,VTANG,EKCH,VIDP,1441.0,227.93,2.14,3638.81,,Not Matched
502012523021670,AJCI0I,VTJRE,VIDP,KJFK,1990.0,280.0,2.37,5565.23,5612.2,Not Matched
502012523021670,AJC2018,VTTSE,EGLL,VIDP,1441.0,247.207,2.22,3774.84,3825.86,Not Matched
502012523021670,AJCl30,VTAER,EGLL,VABB,2064.0,351.534,2.65,6454.13,6454.13,Matched
502012523021670,AICll6,VTAEN,KJFK,VABB,2064.0,351.534,2.65,6454.13,6454.13,Matched
502012523021670,AIC147,VTANQ,VIDP,LFPG,,227.93,2.14,,,Not Matched
502012523021670,AICl29,VTAEO,VABB,EGLL,2165.0,351.534,2.65,6769.95,6769.96,Matched
502012523021670,AICl44,VTAEP,KEWR,VABB,2064.0,351.534,2.65,6454.13,6454.13,Matched
502012523021670,AIC921,VTEXP,VABB,OERK,760.0,79.0,1.26,1129.97,,Not Matched
502012523021670,AICI02,VTJRH,KJFK,VIDP,2064.0,280.0,2.37,5772.18,5820.89,Not Matched
502012523021670,AIC922,VTEXP,OERK,VABB,400.0,79.0,1.26,594.72,594.72,Matched
502012523021670,AICIII,VTJRJ,VIDP,EGLL,1523.0,,,,4295.16,Not Matched
502012523021670,AIC2027,VTTSQ,VABB,EDDF,2165.0,252.65,2.25,5748.07,5748.08,Matched
502012523021670,AJC2017,VTTSH,VIDP,EGLL,1523.0,247.207,2.22,3989.65,4043.57,Not Matched
502012523021670,AICl43,VTANL,VIDP,LFPG,1523.0,227.93,2.14,3845.88,3845.88,Matched
502012523021670,AJCl31,VTAEN,VABB,EGLL,2165.0,351.534,2.65,6769.95,6769.96,Matched
502012523021670,AIC2029,VTTSN,VIDP,EDDF,1990.0,247.207,2.22,5213.0,5283.45,Not Matched
502012523021670,AICl32D,VTNAC,EGLL,VOBL,2109.0,227.93,2.14,5325.65,5325.65,Matched
502012523021670,AIC157,VTANT,VlDP,EKCH,,227.93,2.14,,3845.88,Not Matched
502012523021670,AJCl62,VTJRA,EGLL,VIDP,1441.0,280.0,2.37,4029.9,4063.91,Not Matched
502012523021670,AJCll42,VTANZ,OJAI,VIDP,1356.0,227.93,2.14,3424.17,3424.17,Matched
502012523021670,AICl48,VTANQ,LFPG,VIDP,1441.0,227.93,2.14,3638.81,,Not Matched
502012523021670,AJCl28,VTAEO,EGLL,VABB,2064.0,351.534,2.65,6454.13,,Not Matched
502012523021670,AIC991,VTCIQ,VIDP,OEJN,1514.0,79.0,1.26,2251.02,,Not Matched
502012523021670,AIC935,VTEXP,VABB,OEDF,36.0,79.0,1.26,53.52,305.52,Not Matched
502012523021670,AIC931,VTCIP,VABB,OEJN,1514.0,79.0,1.26,2251.02,2503.02,Not Matched
